"CV","ESCV","CV.1","ESCV.1","CV.2","ESCV.2","CV.3","ESCV.3","CV.4","ESCV.4"
"Lambda",0.783838383838384,0.783838383838384,0.581818181818182,0.581818181818182,0.290909090909091,0.8,0.193939393939394,0.8,0.145454545454546,0.8
"Correlation",0.335687314732114,0.234534662747104,0.376614938985521,0.234534662747104,0.399252450737995,0.327159031712088,0.412217582955744,0.327159031712088,0.416293216513267,0.327159031712088
"Prediction",347.3462976536,584.365900356131,325.661691409356,584.365900356131,298.750071515809,348.994021992956,291.006334652581,348.994021992956,288.055666920365,348.994021992956
"DF",10,10409,34,10409,99,9,166,9,296,9
"Estimation",0.255649006580953,9.78802745776077,0.373430792207664,9.46318937623779,0.366082513298176,7.70464959249883,0.36423223198177,7.83391232577152,0.365302797976089,4.99132430851647
